cond,severity,MAE,SSIM,PSNR,J,SSIM_input,J_input,count
clean,all,0.0,1.0,100.0,0.0,1.0,0.0,736
clean,none,0.0,1.0,100.0,0.0,1.0,0.0,736
gaussian_blur,all,0.0384534765136144,0.8078034840848135,25.628372135369677,0.1153249960625544,0.8440566521704845,0.0907722950492904,736
gaussian_blur,high,0.0380851512590607,0.804709547386938,25.605463328378978,0.1166878015812718,0.7958203764843853,0.1173466383530707,273
gaussian_blur,low,0.0402693383720353,0.8057686249050525,25.336199515456453,0.1172503566694095,0.9173259450754988,0.0504921260289847,218
gaussian_blur,medium,0.0372481496130325,0.8130616229407641,25.91387309638821,0.1120932633323328,0.8326109273093087,0.0970020139247787,245
occlusion,all,0.0589528529722567,0.6965344125485938,20.697685211896896,0.1812092198929547,0.7123647737114326,0.1908513405663973,736
occlusion,high,0.0691821269039064,0.6488826385140419,19.153604102134704,0.210149743668735,0.6051307794451714,0.2628783576935529,200
occlusion,low,0.0505773168763485,0.7381967514420974,22.156389466891945,0.156190282267044,0.8026480187270721,0.1304092585597339,269
occlusion,medium,0.0597287496893705,0.6902542089701592,20.384669396761204,0.1847372703282127,0.7017303390449352,0.1977933504329192,267
overall,all,0.0339232035732256,0.8283725443458103,42.995944885779984,0.1027753294468351,0.7287511682193524,0.155839783102198,2944
salt_pepper,all,0.0382864848070312,0.8091522807498341,25.65772219585336,0.1145671018318313,0.3585832469954925,0.3417354967931043,736
salt_pepper,high,0.0390398308579743,0.8012406748055406,25.5361981371787,0.1188995777334593,0.2320051324958539,0.4157322830037225,237
salt_pepper,low,0.0374292005466703,0.8181396433355387,25.88310484238613,0.1096447787627026,0.5190165302267781,0.2508397667128362,243
salt_pepper,medium,0.038402801452321,0.8079457241110504,25.556289456784725,0.1152285382268019,0.323480611492414,0.3595105908461846,256
