trial,state,value_val_l1,lr_g,lr_d,batch_size,base_channels,dropout,style_dim,lambda_l1,source
6,COMPLETE,0.10132019674752993,0.00013796996807834548,0.0003669597023980071,8,64,0.2100241739388532,8,19.4472590537094,transcribed from Colab console log (original study DB lost)
7,COMPLETE,0.11388393318128288,0.00016343743533562112,0.00032828065767778335,16,32,0.020302841191106535,16,11.4491514218246,transcribed from Colab console log (original study DB lost)
8,COMPLETE,0.10740262057546299,0.00015546486942594843,0.00023720957540911014,16,64,0.34269264184519055,16,11.529094004668899,transcribed from Colab console log (original study DB lost)
9,COMPLETE,0.09568016384132755,0.00010569600440373135,0.00016808089107159165,8,64,0.33213890854699457,32,158.4663081837687,transcribed from Colab console log (original study DB lost)
10,COMPLETE,0.09874814061498742,0.0003678185362070148,0.00012350274593918206,16,64,0.3966653280442391,32,36.3732392126296,transcribed from Colab console log (original study DB lost)
11,PRUNED,,,,,,,,,transcribed from Colab console log (original study DB lost)
12,PRUNED,,,,,,,,,transcribed from Colab console log (original study DB lost)
13,COMPLETE,0.10112061690484453,0.00010483653145604689,0.00026304271124694405,32,64,0.2330630302493193,8,70.57343635222911,transcribed from Colab console log (original study DB lost)
14,COMPLETE,0.09825334059117476,0.00029363877655280636,0.00035197017714078767,16,32,0.4724723869488724,32,70.99354003703158,transcribed from Colab console log (original study DB lost)
15,PRUNED,,,,,,,,,transcribed from Colab console log (original study DB lost)
16,COMPLETE,0.09472041984774032,0.00034286343973251277,0.000244253557301229,8,64,0.3678338935448513,32,132.9094436796923,transcribed from Colab console log (original study DB lost)
17,PRUNED,,,,,,,,,transcribed from Colab console log (original study DB lost)
18,PRUNED,,,,,,,,,transcribed from Colab console log (original study DB lost)
19,COMPLETE,0.095996711239125,0.00011734592478579663,0.00016431977760228677,8,64,0.3658384255382825,32,107.74781305892145,transcribed from Colab console log (original study DB lost)
20,PRUNED,,,,,,,,,transcribed from Colab console log (original study DB lost)
21,COMPLETE,0.09351848306395974,0.00017546673432459654,0.0002914150007063221,8,64,0.38118216145949024,32,173.80836676175807,transcribed from Colab console log (original study DB lost)
22,COMPLETE,0.09563926755757202,0.0001634357844167698,0.00027887239926745265,8,32,0.361980539942589,32,192.73701267020354,transcribed from Colab console log (original study DB lost)
23,COMPLETE,0.09343603996860655,0.00014752198433033508,0.00031287863382514856,8,64,0.4811166825103663,32,193.6197292807374,transcribed from Colab console log (original study DB lost)
24,COMPLETE,0.09518141516599515,0.00010722352996129464,0.0003377699260119453,8,64,0.43605170496383056,32,163.20483868989643,transcribed from Colab console log (original study DB lost)
25,COMPLETE,0.0928155106318572,0.00023138114869747655,0.000349228952295573,8,64,0.29338252123610636,32,199.71014173562637,transcribed from Colab console log (original study DB lost)
