cond,severity,J_input,SSIM_input,J_t1,SSIM_t1,J_t2_oracle,SSIM_t2_oracle,J_t2_predicted,SSIM_t2_predicted,J_t3,SSIM_t3,count
clean,none,0.0,1.0,0.1014195509209378,0.8301552643432565,0.0,1.0,0.0026540835489235,0.9956677517975154,0.0056424822700058,0.9944412726908922,736
clean,all,0.0,1.0,0.1014195509209378,0.8301552643432565,0.0,1.0,0.0026540835489235,0.9956677517975154,0.0056424822700058,0.9944412726908922,736
salt_pepper,low,0.2508397667128362,0.5190165302267781,0.1013426659437118,0.8295776279865469,0.1096447769997051,0.8181396470148377,0.1096447788240242,0.818139643090252,0.1053137463122728,0.8254362359459018,243
salt_pepper,medium,0.3595105908461846,0.323480611492414,0.1082766726176487,0.8178034704178572,0.1152285404677968,0.8079457199200988,0.1152285404241411,0.8079457199200988,0.1141817950265249,0.8101173238828778,256
salt_pepper,high,0.4157322830037225,0.2320051324958539,0.1119008116298335,0.8110310357331224,0.118899580122675,0.8012406702786056,0.1188995790538154,0.8012406725420731,0.11817861205352,0.8029204446052197,237
salt_pepper,all,0.3417354967931043,0.3585832469954925,0.107154332025422,0.8195100645332233,0.1145671027985846,0.8091522790491581,0.1145671030415384,0.8091522784822661,0.1125409115996697,0.8128575891580271,736
gaussian_blur,low,0.0504921260289847,0.9173259450754988,0.1071482901418701,0.8187718574607045,0.1172503547213219,0.8057686290062895,0.1143204480529241,0.8107445912623624,0.0815265402026953,0.8671350771680885,218
gaussian_blur,medium,0.0970020139247787,0.8326109273093087,0.1087519997388732,0.8143552072194158,0.1120932652481964,0.8130616190482159,0.1120932666926967,0.8130616171019418,0.0993573874995416,0.8340918686925148,245
gaussian_blur,high,0.1173466383530707,0.7958203764843853,0.1158981289127807,0.8019000573472662,0.1166877999437816,0.8047095508802504,0.1166878000393018,0.8047095515352466,0.1073531230345313,0.8195943546382499,273
gaussian_blur,all,0.0907722950492904,0.8440566521704845,0.1109276581251912,0.8110434868899377,0.1153249955159085,0.807803485299582,0.1144571704157304,0.8092773432802894,0.0970417775679379,0.8385016487344451,736
occlusion,low,0.1304092585597339,0.8026480187270721,0.1491376648217328,0.7482791483180674,0.1561902826548065,0.7381967512205188,0.1554260674628626,0.7394102286672061,0.1198765944592571,0.8052586662725002,269
occlusion,medium,0.1977933504329192,0.7017303390449352,0.1793153993924905,0.6981736450606071,0.1847372695468784,0.6902542103095894,0.1847372706630703,0.690254209416636,0.1646285536751318,0.72727918066782,267
occlusion,high,0.2628783576935529,0.6051307794451714,0.2049616628885269,0.6564379411935807,0.2101497467979788,0.6488826319575309,0.2101497474685311,0.6488826321065426,0.1995814051106572,0.6681332989037037,200
occlusion,all,0.1908513405663973,0.7123647737114326,0.1752548587670468,0.7051454379992641,0.1812092206015697,0.6965344111718561,0.1809299088427392,0.6969779237052021,0.1577702564713747,0.7397075845738468,736
overall,all,0.155839783102198,0.7287511682193524,0.1236890999596495,0.7914635634414203,0.1027753297290157,0.828372543880149,0.1031520664622328,0.8277688243163183,0.093248856977247,0.8463770237893028,2944
