parameter,final model,trial 0 (PDF start)
tau,3.644553588637853,1.0
joint_lr,7.328097194130305e-05,5e-05
lambda_1,0.403450921478546,0.8
lambda_s,0.596549078521454,0.19999999999999996
lambda_c,0.01984705741660534,0.1
lambda_b,0.013362875320023589,0.01
warm-up epochs,1,
joint epochs,8,
warm-up lr,0.0002,
batch size,64,
weight decay,0.0001,
collapse thresholds,"{""min_mean_weight"": 0.02, ""max_foreign_weight"": 0.9}",
final_config_source,"{""study"": ""t3_moe"", ""best_trial"": 7, ""best_value"": 0.09692070159539783, ""best_params"": {""joint_lr"": 7.328097194130305e-05, ""tau"": 3.644553588637853, ""lambda_c"": 0.01984705741660534, ""lambda_b"": 0.013362875320023589, ""recon_l1_share"": 0.403450921478546}, ""best_val_J_per_epoch"": [0.09816077750102799, 0.09743136916222284, 0.09692070159539783], ""best_mean_w_by_class"": [[0.8049144744873047, 0.034583646804094315, 0.0552351251244545, 0.10526671260595322], [0.01558193564414978, 0.9642963409423828, 0.0036846131552010775, 0.016437094658613205], [0.2795245051383972, 0.008818943053483963, 0.6724178194999695, 0.03923872858285904], [0.14317995309829712, 0.03192116692662239, 0.02104008197784424, 0.8038588762283325]], ""trial_0"": {""state"": ""FAIL"", ""value"": null, ""params"": {""joint_lr"": 5e-05, ""tau"": 1.0, ""lambda_c"": 0.1, ""lambda_b"": 0.01, ""recon_l1_share"": 0.8}}}",
