cond,severity,w_identity,w_salt,w_blur,w_occlusion,count
clean,none,0.8359189064282438,0.027239559599168,0.0445243103736372,0.0923172263833491,736
salt_pepper,low,0.0412464172550843,0.9316294124587572,0.0012360967817218,0.025888075085535,243
salt_pepper,medium,0.0026166410762513,0.9849026596639304,0.0027347184693837,0.0097459833457378,256
salt_pepper,high,0.0008713998998261,0.9889686927513734,0.0027628994955696,0.0073970040514105,237
gaussian_blur,low,0.3868986495317669,0.0110141209596629,0.5509736829804718,0.0511135437542897,218
gaussian_blur,medium,0.2774506786648108,0.0074253800420128,0.6755060555983563,0.0396178843947697,245
gaussian_blur,high,0.2729358525721581,0.0074141077887464,0.6798312224092937,0.0398188174528243,273
occlusion,low,0.3298193193473558,0.0333975547315296,0.0225703030813625,0.6142128239001483,269
occlusion,medium,0.188383136302571,0.0256365486656137,0.0154798264972059,0.7705004899466082,267
occlusion,high,0.1108660967831383,0.0175555736705428,0.0210882417360335,0.850490081012249,200
